"Id","Label","Weight"
"activ","activities",4.10877670167956
"allow","allow",4.82171620520666
"ani","animations",9.22036231513591
"approach","approach",29.9996382611801
"avail","available",17.6716829996559
"content","content",3.63383124027385
"current","current",3.91702077151226
"data","data",53.7143548281489
"design","design",6.96688895533742
"discuss","discussion",19.5027113293761
"effect","effective",4.60942691062332
"engag","engage",3.33695128792444
"howev","however",11.7229325528385
"includ","including",7.67355477829089
"inform","information",32.6019271602788
"innov","innovation",32.6240132526791
"institut","institutions",60.4792805645216
"issu","issues",19.0405322706618
"level","level",93.6410472984758
"link","links",3.71544627445564
"manag","management",17.5892381017828
"meet","meeting",12.5435163242466
"model","model",21.4965303271722
"particular","particular",17.1548418762421
"possibl","possible",3.46800522458512
"practic","practice",13.753268439073
"process","process",11.4460759615027
"provid","provide",11.6347232006809
"recent","recent",3.12324190131658
"relat","related",14.9853594704544
"requir","requirements",16.1253514398838
"resourc","resources",54.8091862908657
"search","search",24.9115690368349
"servic","services",6.23378095228861
"support","support",38.1011035176861
"system","system",35.2071421544108
"term","terms",20.0346753969295
"tool","tools",7.93064788352072
"univers","university",14.3819932467229
"user","user",4.19497980056379
"veri","verification",4.33452847929022
