"","activ","allow","ani","approach","avail","content","current","data","design","discuss","effect","engag","howev","includ","inform","innov","institut","issu","level","link","manag","meet","model","particular","possibl","practic","process","provid","recent","relat","requir","resourc","search","servic","support","system","term","tool","univers","user","veri"
"freqA",103,85,142,149,137,140,74,327,163,155,86,77,93,141,274,146,210,133,182,122,150,92,127,112,75,147,126,219,72,121,104,245,131,128,221,217,110,181,233,106,129
"freqB",2111,1604,2556,1762,1963,3112,1427,4215,3259,2239,1647,1559,1352,2663,4021,1642,2064,1829,1248,2638,2226,1297,1628,1501,1496,2363,2050,4135,1460,1764,1388,2744,1593,2491,2796,2819,1367,3592,4225,2175,2731
"docsA",57,55,72,66,86,58,58,61,61,77,54,46,59,79,88,55,76,66,37,61,69,49,50,57,49,58,60,98,57,57,42,71,28,52,96,82,50,77,93,54,77
"docsB",1118,1059,1597,971,1182,1254,1039,881,1232,1244,1044,974,903,1593,1772,933,876,1039,811,1298,1083,722,819,964,1029,1261,1132,1837,1093,1190,904,1224,592,987,1433,1283,716,1518,1364,913,1592
"p",7.78436691805757e-05,1.50759189788195e-05,6.02057103481931e-10,1.00083328140045e-30,2.12969298485991e-18,0.000232363954923848,0.000121054023423632,1.93039050102937e-54,1.07922263315725e-07,3.1425968483496e-20,2.45795025594063e-05,0.00046030820055644,1.89263752778344e-12,2.12053390972528e-08,2.50076475393028e-33,2.37676775744860e-33,3.31680115114697e-61,9.10893764929379e-20,2.28534989518641e-94,0.000192554523499644,2.57490907703963e-18,2.86077482789656e-13,3.18764297196309e-22,7.00096850252015e-18,0.000340404094597474,1.76494656327414e-14,3.58033808711383e-12,2.31887212147185e-12,0.000752936062757584,1.03428572229406e-15,7.49287625225358e-17,1.55172125546273e-55,1.2258320250239e-25,5.83739454203964e-07,7.92312453736783e-39,6.20665843002970e-36,9.23261238962384e-21,1.17314614132733e-08,4.14960495217886e-15,6.3829317310332e-05,4.62883308751515e-05
