"Id","Label","Weight"
"blood","blood",2.64751825623219
"circulatori","circulatori",3.75098590051758
"femal","females",2.64751825623219
"fingerprint","fingerprint",3.75098590051758
"girl","girls",3.75098590051758
"heart","heart",2.64751825623219
"leader","leader",5.93767019237651
"male","males",2.64751825623219
"offtask","offtask",2.64751825623219
"puls","pulse",2.64751825623219
"selfreport","selfreport",3.75098590051758
"skin","skin",3.75098590051758
"stepbystep","stepbystep",2.64751825623219
"wall","wall",2.64751825623219
"wave","wave",3.75098590051758
"besid","besides",3.04763077311819
"competit","competitive",2.92438177945482
"eassess","eassess",4.35334210749319
"figur","figure",2.78818851918738
"gameplay","gameplay",5.96673272571075
"gender","gender",2.49909149473184
"hybrid","hybrid",2.82538016295564
"negat","negative",2.95773472164559
"oral","oral",5.96673272571075
"ples","ples",2.8052809008257
"probabilist","probabilistic",2.46440080436194
"public","public",4.28226229921004
"qti","qti",3.88002274706721
"risk","risk",2.85294582044065
"selfreflect","selfreflect",2.78818851918738
"serious","serious",9.81125886402255
"statement","statements",3.68502376323342
"tablet","tablet",2.8052809008257
"tangibl","tangible",2.71917325018222
"uptak","uptake",2.78818851918738
"wil","will",3.36141968455085
